function,backend,samples,mean_abs_err,max_abs_err,containment_rate,mean_width,time_ms,notes,sweep_sample,sweep_seed,wall_s,peak_rss_mb,run_dir
erfc,c_arb,180,,,,1.41069e-06,0.652019,,180,0,102.639555,1010.871094,/home/phili/projects/arbplusJAX/results/benchmarks/example_hypgeom_robust_stress_gpu_f32/samples_180_seed_0
erfc,jax_basic,180,7.87217e-09,4.36041e-08,0.244444,1.41101e-06,23.5833,,180,0,102.639555,1010.871094,/home/phili/projects/arbplusJAX/results/benchmarks/example_hypgeom_robust_stress_gpu_f32/samples_180_seed_0
erfc,jax_adaptive,180,0.199245,0.737556,0.0111111,9.31015e-07,10.2148,,180,0,102.639555,1010.871094,/home/phili/projects/arbplusJAX/results/benchmarks/example_hypgeom_robust_stress_gpu_f32/samples_180_seed_0
erfc,jax_rigorous,180,0.199245,0.737556,0.0111111,9.31016e-07,7.90091,,180,0,102.639555,1010.871094,/home/phili/projects/arbplusJAX/results/benchmarks/example_hypgeom_robust_stress_gpu_f32/samples_180_seed_0
erfc,scipy,180,0.199245,0.737556,0.0444444,,0.10839,,180,0,102.639555,1010.871094,/home/phili/projects/arbplusJAX/results/benchmarks/example_hypgeom_robust_stress_gpu_f32/samples_180_seed_0
erfc,jax_scipy,180,0.199245,0.737556,0.0444444,,329.237,,180,0,102.639555,1010.871094,/home/phili/projects/arbplusJAX/results/benchmarks/example_hypgeom_robust_stress_gpu_f32/samples_180_seed_0
erfc,jax_point,180,1.33142e-08,6.27946e-08,1,,7.39794,,180,0,102.639555,1010.871094,/home/phili/projects/arbplusJAX/results/benchmarks/example_hypgeom_robust_stress_gpu_f32/samples_180_seed_0
erfc,mpmath,180,0.199245,0.737556,0.0444444,,4.11668,,180,0,102.639555,1010.871094,/home/phili/projects/arbplusJAX/results/benchmarks/example_hypgeom_robust_stress_gpu_f32/samples_180_seed_0
besseli,c_arb,180,,,,5.66374e-06,0.643943,,180,0,102.639555,1010.871094,/home/phili/projects/arbplusJAX/results/benchmarks/example_hypgeom_robust_stress_gpu_f32/samples_180_seed_0
besseli,jax_basic,180,1.56263e-07,3.1088e-06,1,4.8805e-15,14.8756,,180,0,102.639555,1010.871094,/home/phili/projects/arbplusJAX/results/benchmarks/example_hypgeom_robust_stress_gpu_f32/samples_180_seed_0
besseli,jax_adaptive,180,1.56263e-07,3.1088e-06,0,8.13935e-06,9.56819,,180,0,102.639555,1010.871094,/home/phili/projects/arbplusJAX/results/benchmarks/example_hypgeom_robust_stress_gpu_f32/samples_180_seed_0
besseli,jax_rigorous,180,1.56263e-07,3.1088e-06,0,8.13935e-06,22.3669,,180,0,102.639555,1010.871094,/home/phili/projects/arbplusJAX/results/benchmarks/example_hypgeom_robust_stress_gpu_f32/samples_180_seed_0
besseli,scipy,180,1.40483e-12,1.05871e-11,1,,0.144668,,180,0,102.639555,1010.871094,/home/phili/projects/arbplusJAX/results/benchmarks/example_hypgeom_robust_stress_gpu_f32/samples_180_seed_0
besseli,jax_point,180,2.38667e-07,3.1088e-06,1,,10.7278,,180,0,102.639555,1010.871094,/home/phili/projects/arbplusJAX/results/benchmarks/example_hypgeom_robust_stress_gpu_f32/samples_180_seed_0
besseli,mpmath,180,1.40433e-12,1.05729e-11,1,,48.7286,,180,0,102.639555,1010.871094,/home/phili/projects/arbplusJAX/results/benchmarks/example_hypgeom_robust_stress_gpu_f32/samples_180_seed_0
gamma,c_arb,180,,,,6.63169e-06,0.527172,,180,0,102.639555,1010.871094,/home/phili/projects/arbplusJAX/results/benchmarks/example_hypgeom_robust_stress_gpu_f32/samples_180_seed_0
gamma,jax_basic,180,2.06755e-08,1.79872e-07,0.305556,6.63217e-06,10.0855,,180,0,102.639555,1010.871094,/home/phili/projects/arbplusJAX/results/benchmarks/example_hypgeom_robust_stress_gpu_f32/samples_180_seed_0
gamma,jax_adaptive,180,2.06701e-08,1.79525e-07,0.305556,6.63221e-06,4.20388,,180,0,102.639555,1010.871094,/home/phili/projects/arbplusJAX/results/benchmarks/example_hypgeom_robust_stress_gpu_f32/samples_180_seed_0
gamma,jax_rigorous,180,2.06701e-08,1.79525e-07,0.305556,6.63225e-06,3.5096,,180,0,102.639555,1010.871094,/home/phili/projects/arbplusJAX/results/benchmarks/example_hypgeom_robust_stress_gpu_f32/samples_180_seed_0
gamma,scipy,180,1.79119e-11,6.09353e-10,1,,0.063665,,180,0,102.639555,1010.871094,/home/phili/projects/arbplusJAX/results/benchmarks/example_hypgeom_robust_stress_gpu_f32/samples_180_seed_0
gamma,jax_scipy,180,8.76476e-07,1.1047e-05,0.605556,,859.338,,180,0,102.639555,1010.871094,/home/phili/projects/arbplusJAX/results/benchmarks/example_hypgeom_robust_stress_gpu_f32/samples_180_seed_0
gamma,jax_point,180,3.78081e-08,2.4811e-07,1,,3.01039,,180,0,102.639555,1010.871094,/home/phili/projects/arbplusJAX/results/benchmarks/example_hypgeom_robust_stress_gpu_f32/samples_180_seed_0
gamma,mpmath,180,1.79119e-11,6.09354e-10,1,,6.01685,,180,0,102.639555,1010.871094,/home/phili/projects/arbplusJAX/results/benchmarks/example_hypgeom_robust_stress_gpu_f32/samples_180_seed_0
besselj,c_arb,180,,,,3.57229e-07,0.432646,,180,0,102.639555,1010.871094,/home/phili/projects/arbplusJAX/results/benchmarks/example_hypgeom_robust_stress_gpu_f32/samples_180_seed_0
besselj,jax_basic,180,8.03849e-09,6.08591e-08,0.994444,4.0026e-16,10.6039,,180,0,102.639555,1010.871094,/home/phili/projects/arbplusJAX/results/benchmarks/example_hypgeom_robust_stress_gpu_f32/samples_180_seed_0
besselj,jax_adaptive,180,8.03849e-09,6.08591e-08,0,7.51191e-07,19.4742,,180,0,102.639555,1010.871094,/home/phili/projects/arbplusJAX/results/benchmarks/example_hypgeom_robust_stress_gpu_f32/samples_180_seed_0
besselj,jax_rigorous,180,8.03854e-09,6.08594e-08,0,7.51191e-07,23.9839,,180,0,102.639555,1010.871094,/home/phili/projects/arbplusJAX/results/benchmarks/example_hypgeom_robust_stress_gpu_f32/samples_180_seed_0
besselj,scipy,180,1.81552e-13,1.53292e-11,1,,0.237579,,180,0,102.639555,1010.871094,/home/phili/projects/arbplusJAX/results/benchmarks/example_hypgeom_robust_stress_gpu_f32/samples_180_seed_0
besselj,jax_point,180,1.34809e-08,8.67824e-08,0.994444,,12.8791,,180,0,102.639555,1010.871094,/home/phili/projects/arbplusJAX/results/benchmarks/example_hypgeom_robust_stress_gpu_f32/samples_180_seed_0
besselj,mpmath,180,1.81578e-13,1.5329e-11,1,,64.0764,,180,0,102.639555,1010.871094,/home/phili/projects/arbplusJAX/results/benchmarks/example_hypgeom_robust_stress_gpu_f32/samples_180_seed_0
besselk,c_arb,180,,,,0.909049,1.68916,,180,0,102.639555,1010.871094,/home/phili/projects/arbplusJAX/results/benchmarks/example_hypgeom_robust_stress_gpu_f32/samples_180_seed_0
besselk,jax_basic,180,0.00385138,0.501073,1,1.62245e-11,18.0981,,180,0,102.639555,1010.871094,/home/phili/projects/arbplusJAX/results/benchmarks/example_hypgeom_robust_stress_gpu_f32/samples_180_seed_0
besselk,jax_adaptive,180,0.00385138,0.501073,0.255556,0.903021,33.3039,,180,0,102.639555,1010.871094,/home/phili/projects/arbplusJAX/results/benchmarks/example_hypgeom_robust_stress_gpu_f32/samples_180_seed_0
besselk,jax_rigorous,180,0.00383697,0.502034,0.255556,0.90297,61.5422,,180,0,102.639555,1010.871094,/home/phili/projects/arbplusJAX/results/benchmarks/example_hypgeom_robust_stress_gpu_f32/samples_180_seed_0
besselk,scipy,180,421.054,29026.7,0.611111,,0.195998,,180,0,102.639555,1010.871094,/home/phili/projects/arbplusJAX/results/benchmarks/example_hypgeom_robust_stress_gpu_f32/samples_180_seed_0
besselk,jax_point,180,0.00524944,0.746391,1,,22.5529,,180,0,102.639555,1010.871094,/home/phili/projects/arbplusJAX/results/benchmarks/example_hypgeom_robust_stress_gpu_f32/samples_180_seed_0
besselk,mpmath,180,421.054,29026.7,0.611111,,306.551,,180,0,102.639555,1010.871094,/home/phili/projects/arbplusJAX/results/benchmarks/example_hypgeom_robust_stress_gpu_f32/samples_180_seed_0
bessely,c_arb,180,,,,0.146141,1.13105,,180,0,102.639555,1010.871094,/home/phili/projects/arbplusJAX/results/benchmarks/example_hypgeom_robust_stress_gpu_f32/samples_180_seed_0
bessely,jax_basic,180,0.00108,0.143055,1,4.06736e-12,20.3583,,180,0,102.639555,1010.871094,/home/phili/projects/arbplusJAX/results/benchmarks/example_hypgeom_robust_stress_gpu_f32/samples_180_seed_0
bessely,jax_adaptive,180,0.00108,0.143055,0.272222,0.145574,28.481,,180,0,102.639555,1010.871094,/home/phili/projects/arbplusJAX/results/benchmarks/example_hypgeom_robust_stress_gpu_f32/samples_180_seed_0
bessely,jax_rigorous,180,0.00107982,0.143098,0.272222,0.145573,55.1631,,180,0,102.639555,1010.871094,/home/phili/projects/arbplusJAX/results/benchmarks/example_hypgeom_robust_stress_gpu_f32/samples_180_seed_0
bessely,scipy,180,84.0591,9918.82,0.572222,,0.731883,,180,0,102.639555,1010.871094,/home/phili/projects/arbplusJAX/results/benchmarks/example_hypgeom_robust_stress_gpu_f32/samples_180_seed_0
bessely,jax_point,180,0.00131972,0.17917,1,,23.6985,,180,0,102.639555,1010.871094,/home/phili/projects/arbplusJAX/results/benchmarks/example_hypgeom_robust_stress_gpu_f32/samples_180_seed_0
bessely,mpmath,180,84.0591,9918.82,0.572222,,166.324,,180,0,102.639555,1010.871094,/home/phili/projects/arbplusJAX/results/benchmarks/example_hypgeom_robust_stress_gpu_f32/samples_180_seed_0
erf,c_arb,180,,,,1.35732e-06,0.797752,,180,0,102.639555,1010.871094,/home/phili/projects/arbplusJAX/results/benchmarks/example_hypgeom_robust_stress_gpu_f32/samples_180_seed_0
erf,jax_basic,180,8.35736e-09,4.64465e-08,0.261111,1.35791e-06,18.1554,,180,0,102.639555,1010.871094,/home/phili/projects/arbplusJAX/results/benchmarks/example_hypgeom_robust_stress_gpu_f32/samples_180_seed_0
erf,jax_adaptive,180,0.184174,0.731542,0,9.48068e-07,5.11725,,180,0,102.639555,1010.871094,/home/phili/projects/arbplusJAX/results/benchmarks/example_hypgeom_robust_stress_gpu_f32/samples_180_seed_0
erf,jax_rigorous,180,0.184174,0.731542,0,9.48069e-07,4.59599,,180,0,102.639555,1010.871094,/home/phili/projects/arbplusJAX/results/benchmarks/example_hypgeom_robust_stress_gpu_f32/samples_180_seed_0
erf,scipy,180,0.184174,0.731542,0.0333333,,0.038236,,180,0,102.639555,1010.871094,/home/phili/projects/arbplusJAX/results/benchmarks/example_hypgeom_robust_stress_gpu_f32/samples_180_seed_0
erf,jax_scipy,180,0.184174,0.731543,0.0333333,,136.973,,180,0,102.639555,1010.871094,/home/phili/projects/arbplusJAX/results/benchmarks/example_hypgeom_robust_stress_gpu_f32/samples_180_seed_0
erf,jax_point,180,1.20929e-08,6.28499e-08,1,,9.52682,,180,0,102.639555,1010.871094,/home/phili/projects/arbplusJAX/results/benchmarks/example_hypgeom_robust_stress_gpu_f32/samples_180_seed_0
erf,mpmath,180,0.184174,0.731542,0.0333333,,4.85187,,180,0,102.639555,1010.871094,/home/phili/projects/arbplusJAX/results/benchmarks/example_hypgeom_robust_stress_gpu_f32/samples_180_seed_0
CubesselK,c_arb,180,,,,0.0277027,1.4553,,180,0,102.639555,1010.871094,/home/phili/projects/arbplusJAX/results/benchmarks/example_hypgeom_robust_stress_gpu_f32/samples_180_seed_0
CubesselK,jax_basic,180,0.000213433,0.0249004,1,5.68439e-13,17.5139,,180,0,102.639555,1010.871094,/home/phili/projects/arbplusJAX/results/benchmarks/example_hypgeom_robust_stress_gpu_f32/samples_180_seed_0
CubesselK,jax_adaptive,180,0.000213433,0.0249004,0.327778,0.0276375,34.088,,180,0,102.639555,1010.871094,/home/phili/projects/arbplusJAX/results/benchmarks/example_hypgeom_robust_stress_gpu_f32/samples_180_seed_0
CubesselK,jax_rigorous,180,0.000213462,0.0248934,0.327778,0.0276372,67.6702,,180,0,102.639555,1010.871094,/home/phili/projects/arbplusJAX/results/benchmarks/example_hypgeom_robust_stress_gpu_f32/samples_180_seed_0
CubesselK,scipy,180,190.051,18850.9,0.588889,,0.231098,,180,0,102.639555,1010.871094,/home/phili/projects/arbplusJAX/results/benchmarks/example_hypgeom_robust_stress_gpu_f32/samples_180_seed_0
CubesselK,jax_point,180,0.000350751,0.039439,1,,27.5738,,180,0,102.639555,1010.871094,/home/phili/projects/arbplusJAX/results/benchmarks/example_hypgeom_robust_stress_gpu_f32/samples_180_seed_0
CubesselK,mpmath,180,190.051,18850.9,0.588889,,375.966,,180,0,102.639555,1010.871094,/home/phili/projects/arbplusJAX/results/benchmarks/example_hypgeom_robust_stress_gpu_f32/samples_180_seed_0
erfc,c_arb,180,,,,1.28951e-06,1.0046,,180,1,102.639555,1010.871094,/home/phili/projects/arbplusJAX/results/benchmarks/example_hypgeom_robust_stress_gpu_f32/samples_180_seed_1
erfc,jax_basic,180,6.38277e-09,4.14435e-08,0.261111,1.2893e-06,19.0611,,180,1,102.639555,1010.871094,/home/phili/projects/arbplusJAX/results/benchmarks/example_hypgeom_robust_stress_gpu_f32/samples_180_seed_1
erfc,jax_adaptive,180,0.147499,0.732678,0.00555556,1.03258e-06,8.44081,,180,1,102.639555,1010.871094,/home/phili/projects/arbplusJAX/results/benchmarks/example_hypgeom_robust_stress_gpu_f32/samples_180_seed_1
erfc,jax_rigorous,180,0.147499,0.732678,0.00555556,1.03258e-06,10.3199,,180,1,102.639555,1010.871094,/home/phili/projects/arbplusJAX/results/benchmarks/example_hypgeom_robust_stress_gpu_f32/samples_180_seed_1
erfc,scipy,180,0.147499,0.732678,0.0722222,,0.028167,,180,1,102.639555,1010.871094,/home/phili/projects/arbplusJAX/results/benchmarks/example_hypgeom_robust_stress_gpu_f32/samples_180_seed_1
erfc,jax_scipy,180,0.147499,0.732678,0.0722222,,9.60931,,180,1,102.639555,1010.871094,/home/phili/projects/arbplusJAX/results/benchmarks/example_hypgeom_robust_stress_gpu_f32/samples_180_seed_1
erfc,jax_point,180,1.12298e-08,5.6365e-08,1,,10.7759,,180,1,102.639555,1010.871094,/home/phili/projects/arbplusJAX/results/benchmarks/example_hypgeom_robust_stress_gpu_f32/samples_180_seed_1
erfc,mpmath,180,0.147499,0.732678,0.0722222,,9.59238,,180,1,102.639555,1010.871094,/home/phili/projects/arbplusJAX/results/benchmarks/example_hypgeom_robust_stress_gpu_f32/samples_180_seed_1
besseli,c_arb,180,,,,6.07808e-06,0.487173,,180,1,102.639555,1010.871094,/home/phili/projects/arbplusJAX/results/benchmarks/example_hypgeom_robust_stress_gpu_f32/samples_180_seed_1
besseli,jax_basic,180,2.15706e-07,2.95958e-06,1,5.1565e-15,9.44424,,180,1,102.639555,1010.871094,/home/phili/projects/arbplusJAX/results/benchmarks/example_hypgeom_robust_stress_gpu_f32/samples_180_seed_1
besseli,jax_adaptive,180,2.15706e-07,2.95958e-06,0,8.66476e-06,25.3198,,180,1,102.639555,1010.871094,/home/phili/projects/arbplusJAX/results/benchmarks/example_hypgeom_robust_stress_gpu_f32/samples_180_seed_1
besseli,jax_rigorous,180,2.15707e-07,2.95957e-06,0,8.66476e-06,26.9425,,180,1,102.639555,1010.871094,/home/phili/projects/arbplusJAX/results/benchmarks/example_hypgeom_robust_stress_gpu_f32/samples_180_seed_1
besseli,scipy,180,3.73545e-12,2.95597e-10,1,,0.12779,,180,1,102.639555,1010.871094,/home/phili/projects/arbplusJAX/results/benchmarks/example_hypgeom_robust_stress_gpu_f32/samples_180_seed_1
besseli,jax_point,180,2.88298e-07,3.06007e-06,1,,19.5674,,180,1,102.639555,1010.871094,/home/phili/projects/arbplusJAX/results/benchmarks/example_hypgeom_robust_stress_gpu_f32/samples_180_seed_1
besseli,mpmath,180,3.73482e-12,2.95597e-10,1,,29.3517,,180,1,102.639555,1010.871094,/home/phili/projects/arbplusJAX/results/benchmarks/example_hypgeom_robust_stress_gpu_f32/samples_180_seed_1
gamma,c_arb,180,,,,4.67746e-06,0.268465,,180,1,102.639555,1010.871094,/home/phili/projects/arbplusJAX/results/benchmarks/example_hypgeom_robust_stress_gpu_f32/samples_180_seed_1
gamma,jax_basic,180,2.09175e-08,1.52796e-07,0.355556,4.67183e-06,3.35691,,180,1,102.639555,1010.871094,/home/phili/projects/arbplusJAX/results/benchmarks/example_hypgeom_robust_stress_gpu_f32/samples_180_seed_1
gamma,jax_adaptive,180,2.09241e-08,1.53528e-07,0.355556,4.67185e-06,9.36592,,180,1,102.639555,1010.871094,/home/phili/projects/arbplusJAX/results/benchmarks/example_hypgeom_robust_stress_gpu_f32/samples_180_seed_1
gamma,jax_rigorous,180,2.09241e-08,1.53528e-07,0.355556,4.67187e-06,8.21836,,180,1,102.639555,1010.871094,/home/phili/projects/arbplusJAX/results/benchmarks/example_hypgeom_robust_stress_gpu_f32/samples_180_seed_1
gamma,scipy,180,9.72294e-12,7.34216e-10,1,,0.191984,,180,1,102.639555,1010.871094,/home/phili/projects/arbplusJAX/results/benchmarks/example_hypgeom_robust_stress_gpu_f32/samples_180_seed_1
gamma,jax_scipy,180,8.45963e-07,4.3361e-06,0.577778,,19.5881,,180,1,102.639555,1010.871094,/home/phili/projects/arbplusJAX/results/benchmarks/example_hypgeom_robust_stress_gpu_f32/samples_180_seed_1
gamma,jax_point,180,3.53812e-08,1.62389e-07,1,,7.91791,,180,1,102.639555,1010.871094,/home/phili/projects/arbplusJAX/results/benchmarks/example_hypgeom_robust_stress_gpu_f32/samples_180_seed_1
gamma,mpmath,180,9.72296e-12,7.34214e-10,1,,3.92723,,180,1,102.639555,1010.871094,/home/phili/projects/arbplusJAX/results/benchmarks/example_hypgeom_robust_stress_gpu_f32/samples_180_seed_1
besselj,c_arb,180,,,,3.07771e-07,0.59863,,180,1,102.639555,1010.871094,/home/phili/projects/arbplusJAX/results/benchmarks/example_hypgeom_robust_stress_gpu_f32/samples_180_seed_1
besselj,jax_basic,180,7.46642e-09,6.07216e-08,1,4.31749e-16,14.1124,,180,1,102.639555,1010.871094,/home/phili/projects/arbplusJAX/results/benchmarks/example_hypgeom_robust_stress_gpu_f32/samples_180_seed_1
besselj,jax_adaptive,180,7.46642e-09,6.07216e-08,0,6.88142e-07,20.9047,,180,1,102.639555,1010.871094,/home/phili/projects/arbplusJAX/results/benchmarks/example_hypgeom_robust_stress_gpu_f32/samples_180_seed_1
besselj,jax_rigorous,180,7.46638e-09,6.07215e-08,0,6.88142e-07,44.1965,,180,1,102.639555,1010.871094,/home/phili/projects/arbplusJAX/results/benchmarks/example_hypgeom_robust_stress_gpu_f32/samples_180_seed_1
besselj,scipy,180,8.80305e-14,1.6559e-12,1,,0.829515,,180,1,102.639555,1010.871094,/home/phili/projects/arbplusJAX/results/benchmarks/example_hypgeom_robust_stress_gpu_f32/samples_180_seed_1
besselj,jax_point,180,1.32285e-08,8.24783e-08,0.994444,,10.7387,,180,1,102.639555,1010.871094,/home/phili/projects/arbplusJAX/results/benchmarks/example_hypgeom_robust_stress_gpu_f32/samples_180_seed_1
besselj,mpmath,180,8.77122e-14,1.6559e-12,1,,54.6145,,180,1,102.639555,1010.871094,/home/phili/projects/arbplusJAX/results/benchmarks/example_hypgeom_robust_stress_gpu_f32/samples_180_seed_1
besselk,c_arb,180,,,,0.0491746,2.89324,,180,1,102.639555,1010.871094,/home/phili/projects/arbplusJAX/results/benchmarks/example_hypgeom_robust_stress_gpu_f32/samples_180_seed_1
besselk,jax_basic,180,0.000193652,0.0211286,1,1.65931e-12,8.82444,,180,1,102.639555,1010.871094,/home/phili/projects/arbplusJAX/results/benchmarks/example_hypgeom_robust_stress_gpu_f32/samples_180_seed_1
besselk,jax_adaptive,180,0.000193652,0.0211286,0.305556,0.0489022,14.7945,,180,1,102.639555,1010.871094,/home/phili/projects/arbplusJAX/results/benchmarks/example_hypgeom_robust_stress_gpu_f32/samples_180_seed_1
besselk,jax_rigorous,180,0.00019357,0.0211223,0.305556,0.0489016,44.9649,,180,1,102.639555,1010.871094,/home/phili/projects/arbplusJAX/results/benchmarks/example_hypgeom_robust_stress_gpu_f32/samples_180_seed_1
besselk,scipy,180,204.385,25748.3,0.566667,,0.160455,,180,1,102.639555,1010.871094,/home/phili/projects/arbplusJAX/results/benchmarks/example_hypgeom_robust_stress_gpu_f32/samples_180_seed_1
besselk,jax_point,180,0.000166202,0.0149668,1,,13.4415,,180,1,102.639555,1010.871094,/home/phili/projects/arbplusJAX/results/benchmarks/example_hypgeom_robust_stress_gpu_f32/samples_180_seed_1
besselk,mpmath,180,204.385,25748.3,0.566667,,346.61,,180,1,102.639555,1010.871094,/home/phili/projects/arbplusJAX/results/benchmarks/example_hypgeom_robust_stress_gpu_f32/samples_180_seed_1
bessely,c_arb,180,,,,0.038782,1.01662,,180,1,102.639555,1010.871094,/home/phili/projects/arbplusJAX/results/benchmarks/example_hypgeom_robust_stress_gpu_f32/samples_180_seed_1
bessely,jax_basic,180,0.000164422,0.0258299,1,9.97054e-13,16.032,,180,1,102.639555,1010.871094,/home/phili/projects/arbplusJAX/results/benchmarks/example_hypgeom_robust_stress_gpu_f32/samples_180_seed_1
bessely,jax_adaptive,180,0.000164422,0.0258299,0.25,0.038585,29.6572,,180,1,102.639555,1010.871094,/home/phili/projects/arbplusJAX/results/benchmarks/example_hypgeom_robust_stress_gpu_f32/samples_180_seed_1
bessely,jax_rigorous,180,0.000164577,0.0258543,0.25,0.0385847,62.8375,,180,1,102.639555,1010.871094,/home/phili/projects/arbplusJAX/results/benchmarks/example_hypgeom_robust_stress_gpu_f32/samples_180_seed_1
bessely,scipy,180,322.391,38463.6,0.6,,0.472474,,180,1,102.639555,1010.871094,/home/phili/projects/arbplusJAX/results/benchmarks/example_hypgeom_robust_stress_gpu_f32/samples_180_seed_1
bessely,jax_point,180,0.00019364,0.0258299,1,,7.9192,,180,1,102.639555,1010.871094,/home/phili/projects/arbplusJAX/results/benchmarks/example_hypgeom_robust_stress_gpu_f32/samples_180_seed_1
bessely,mpmath,180,322.391,38463.6,0.6,,127.756,,180,1,102.639555,1010.871094,/home/phili/projects/arbplusJAX/results/benchmarks/example_hypgeom_robust_stress_gpu_f32/samples_180_seed_1
erf,c_arb,180,,,,1.34653e-06,0.596699,,180,1,102.639555,1010.871094,/home/phili/projects/arbplusJAX/results/benchmarks/example_hypgeom_robust_stress_gpu_f32/samples_180_seed_1
erf,jax_basic,180,7.43516e-09,3.93826e-08,0.211111,1.34994e-06,18.0864,,180,1,102.639555,1010.871094,/home/phili/projects/arbplusJAX/results/benchmarks/example_hypgeom_robust_stress_gpu_f32/samples_180_seed_1
erf,jax_adaptive,180,0.161356,0.733689,0.00555556,1.01421e-06,9.48813,,180,1,102.639555,1010.871094,/home/phili/projects/arbplusJAX/results/benchmarks/example_hypgeom_robust_stress_gpu_f32/samples_180_seed_1
erf,jax_rigorous,180,0.161356,0.733689,0.00555556,1.01421e-06,2.38023,,180,1,102.639555,1010.871094,/home/phili/projects/arbplusJAX/results/benchmarks/example_hypgeom_robust_stress_gpu_f32/samples_180_seed_1
erf,scipy,180,0.161356,0.733689,0.0611111,,0.02958,,180,1,102.639555,1010.871094,/home/phili/projects/arbplusJAX/results/benchmarks/example_hypgeom_robust_stress_gpu_f32/samples_180_seed_1
erf,jax_scipy,180,0.161356,0.733689,0.0611111,,3.44383,,180,1,102.639555,1010.871094,/home/phili/projects/arbplusJAX/results/benchmarks/example_hypgeom_robust_stress_gpu_f32/samples_180_seed_1
erf,jax_point,180,1.2007e-08,5.05151e-08,1,,8.63786,,180,1,102.639555,1010.871094,/home/phili/projects/arbplusJAX/results/benchmarks/example_hypgeom_robust_stress_gpu_f32/samples_180_seed_1
erf,mpmath,180,0.161356,0.733689,0.0611111,,5.66411,,180,1,102.639555,1010.871094,/home/phili/projects/arbplusJAX/results/benchmarks/example_hypgeom_robust_stress_gpu_f32/samples_180_seed_1
CubesselK,c_arb,180,,,,0.150497,2.6429,,180,1,102.639555,1010.871094,/home/phili/projects/arbplusJAX/results/benchmarks/example_hypgeom_robust_stress_gpu_f32/samples_180_seed_1
CubesselK,jax_basic,180,0.000562685,0.0628001,1,2.55049e-12,6.83227,,180,1,102.639555,1010.871094,/home/phili/projects/arbplusJAX/results/benchmarks/example_hypgeom_robust_stress_gpu_f32/samples_180_seed_1
CubesselK,jax_adaptive,180,0.000562685,0.0628001,0.283333,0.149894,34.0485,,180,1,102.639555,1010.871094,/home/phili/projects/arbplusJAX/results/benchmarks/example_hypgeom_robust_stress_gpu_f32/samples_180_seed_1
CubesselK,jax_rigorous,180,0.000562593,0.0627699,0.283333,0.149893,61.3751,,180,1,102.639555,1010.871094,/home/phili/projects/arbplusJAX/results/benchmarks/example_hypgeom_robust_stress_gpu_f32/samples_180_seed_1
CubesselK,scipy,180,2225.78,209282,0.622222,,0.231113,,180,1,102.639555,1010.871094,/home/phili/projects/arbplusJAX/results/benchmarks/example_hypgeom_robust_stress_gpu_f32/samples_180_seed_1
CubesselK,jax_point,180,0.000497912,0.0501048,1,,16.6082,,180,1,102.639555,1010.871094,/home/phili/projects/arbplusJAX/results/benchmarks/example_hypgeom_robust_stress_gpu_f32/samples_180_seed_1
CubesselK,mpmath,180,2225.78,209282,0.622222,,300.572,,180,1,102.639555,1010.871094,/home/phili/projects/arbplusJAX/results/benchmarks/example_hypgeom_robust_stress_gpu_f32/samples_180_seed_1
erfc,c_arb,180,,,,1.40409e-06,0.369981,,180,2,102.639555,1010.871094,/home/phili/projects/arbplusJAX/results/benchmarks/example_hypgeom_robust_stress_gpu_f32/samples_180_seed_2
erfc,jax_basic,180,7.70704e-09,4.56765e-08,0.25,1.40335e-06,30.3524,,180,2,102.639555,1010.871094,/home/phili/projects/arbplusJAX/results/benchmarks/example_hypgeom_robust_stress_gpu_f32/samples_180_seed_2
erfc,jax_adaptive,180,0.173058,0.735603,0,1.01162e-06,5.90202,,180,2,102.639555,1010.871094,/home/phili/projects/arbplusJAX/results/benchmarks/example_hypgeom_robust_stress_gpu_f32/samples_180_seed_2
erfc,jax_rigorous,180,0.173058,0.735603,0,1.01162e-06,4.72205,,180,2,102.639555,1010.871094,/home/phili/projects/arbplusJAX/results/benchmarks/example_hypgeom_robust_stress_gpu_f32/samples_180_seed_2
erfc,scipy,180,0.173058,0.735603,0.0555556,,0.028579,,180,2,102.639555,1010.871094,/home/phili/projects/arbplusJAX/results/benchmarks/example_hypgeom_robust_stress_gpu_f32/samples_180_seed_2
erfc,jax_scipy,180,0.173058,0.735603,0.0555556,,7.51741,,180,2,102.639555,1010.871094,/home/phili/projects/arbplusJAX/results/benchmarks/example_hypgeom_robust_stress_gpu_f32/samples_180_seed_2
erfc,jax_point,180,1.15627e-08,5.98142e-08,1,,7.41203,,180,2,102.639555,1010.871094,/home/phili/projects/arbplusJAX/results/benchmarks/example_hypgeom_robust_stress_gpu_f32/samples_180_seed_2
erfc,mpmath,180,0.173058,0.735603,0.0555556,,5.67037,,180,2,102.639555,1010.871094,/home/phili/projects/arbplusJAX/results/benchmarks/example_hypgeom_robust_stress_gpu_f32/samples_180_seed_2
besseli,c_arb,180,,,,4.71616e-06,0.872492,,180,2,102.639555,1010.871094,/home/phili/projects/arbplusJAX/results/benchmarks/example_hypgeom_robust_stress_gpu_f32/samples_180_seed_2
besseli,jax_basic,180,1.06483e-07,2.35139e-06,1,4.15208e-15,9.5765,,180,2,102.639555,1010.871094,/home/phili/projects/arbplusJAX/results/benchmarks/example_hypgeom_robust_stress_gpu_f32/samples_180_seed_2
besseli,jax_adaptive,180,1.06483e-07,2.35139e-06,0,7.03526e-06,19.5415,,180,2,102.639555,1010.871094,/home/phili/projects/arbplusJAX/results/benchmarks/example_hypgeom_robust_stress_gpu_f32/samples_180_seed_2
besseli,jax_rigorous,180,1.06483e-07,2.3514e-06,0,7.03526e-06,41.3216,,180,2,102.639555,1010.871094,/home/phili/projects/arbplusJAX/results/benchmarks/example_hypgeom_robust_stress_gpu_f32/samples_180_seed_2
besseli,scipy,180,1.17059e-12,7.75557e-12,1,,0.148802,,180,2,102.639555,1010.871094,/home/phili/projects/arbplusJAX/results/benchmarks/example_hypgeom_robust_stress_gpu_f32/samples_180_seed_2
besseli,jax_point,180,2.23806e-07,3.05243e-06,1,,9.38898,,180,2,102.639555,1010.871094,/home/phili/projects/arbplusJAX/results/benchmarks/example_hypgeom_robust_stress_gpu_f32/samples_180_seed_2
besseli,mpmath,180,1.17019e-12,7.74847e-12,1,,38.6754,,180,2,102.639555,1010.871094,/home/phili/projects/arbplusJAX/results/benchmarks/example_hypgeom_robust_stress_gpu_f32/samples_180_seed_2
gamma,c_arb,180,,,,4.6934e-06,0.717484,,180,2,102.639555,1010.871094,/home/phili/projects/arbplusJAX/results/benchmarks/example_hypgeom_robust_stress_gpu_f32/samples_180_seed_2
gamma,jax_basic,180,1.89905e-08,1.40142e-07,0.283333,4.70442e-06,10.2657,,180,2,102.639555,1010.871094,/home/phili/projects/arbplusJAX/results/benchmarks/example_hypgeom_robust_stress_gpu_f32/samples_180_seed_2
gamma,jax_adaptive,180,1.89943e-08,1.40182e-07,0.283333,4.70444e-06,1.86236,,180,2,102.639555,1010.871094,/home/phili/projects/arbplusJAX/results/benchmarks/example_hypgeom_robust_stress_gpu_f32/samples_180_seed_2
gamma,jax_rigorous,180,1.89943e-08,1.40182e-07,0.283333,4.70446e-06,3.54707,,180,2,102.639555,1010.871094,/home/phili/projects/arbplusJAX/results/benchmarks/example_hypgeom_robust_stress_gpu_f32/samples_180_seed_2
gamma,scipy,180,1.03746e-11,8.34969e-10,1,,0.011866,,180,2,102.639555,1010.871094,/home/phili/projects/arbplusJAX/results/benchmarks/example_hypgeom_robust_stress_gpu_f32/samples_180_seed_2
gamma,jax_scipy,180,7.88369e-07,5.41166e-06,0.561111,,5.35692,,180,2,102.639555,1010.871094,/home/phili/projects/arbplusJAX/results/benchmarks/example_hypgeom_robust_stress_gpu_f32/samples_180_seed_2
gamma,jax_point,180,3.76896e-08,2.02155e-07,1,,9.30087,,180,2,102.639555,1010.871094,/home/phili/projects/arbplusJAX/results/benchmarks/example_hypgeom_robust_stress_gpu_f32/samples_180_seed_2
gamma,mpmath,180,1.03746e-11,8.34968e-10,1,,8.2768,,180,2,102.639555,1010.871094,/home/phili/projects/arbplusJAX/results/benchmarks/example_hypgeom_robust_stress_gpu_f32/samples_180_seed_2
besselj,c_arb,180,,,,3.49806e-07,1.06598,,180,2,102.639555,1010.871094,/home/phili/projects/arbplusJAX/results/benchmarks/example_hypgeom_robust_stress_gpu_f32/samples_180_seed_2
besselj,jax_basic,180,6.651e-09,6.30243e-08,1,4.00301e-16,8.80915,,180,2,102.639555,1010.871094,/home/phili/projects/arbplusJAX/results/benchmarks/example_hypgeom_robust_stress_gpu_f32/samples_180_seed_2
besselj,jax_adaptive,180,6.651e-09,6.30243e-08,0,7.56794e-07,19.4057,,180,2,102.639555,1010.871094,/home/phili/projects/arbplusJAX/results/benchmarks/example_hypgeom_robust_stress_gpu_f32/samples_180_seed_2
besselj,jax_rigorous,180,6.65097e-09,6.30242e-08,0,7.56794e-07,31.9373,,180,2,102.639555,1010.871094,/home/phili/projects/arbplusJAX/results/benchmarks/example_hypgeom_robust_stress_gpu_f32/samples_180_seed_2
besselj,scipy,180,1.46963e-13,1.20866e-11,1,,0.221424,,180,2,102.639555,1010.871094,/home/phili/projects/arbplusJAX/results/benchmarks/example_hypgeom_robust_stress_gpu_f32/samples_180_seed_2
besselj,jax_point,180,1.10526e-08,8.83133e-08,1,,13.0815,,180,2,102.639555,1010.871094,/home/phili/projects/arbplusJAX/results/benchmarks/example_hypgeom_robust_stress_gpu_f32/samples_180_seed_2
besselj,mpmath,180,1.47078e-13,1.20865e-11,1,,50.0229,,180,2,102.639555,1010.871094,/home/phili/projects/arbplusJAX/results/benchmarks/example_hypgeom_robust_stress_gpu_f32/samples_180_seed_2
besselk,c_arb,180,,,,0.579024,2.37862,,180,2,102.639555,1010.871094,/home/phili/projects/arbplusJAX/results/benchmarks/example_hypgeom_robust_stress_gpu_f32/samples_180_seed_2
besselk,jax_basic,180,0.00252325,0.352566,1,1.44713e-11,14.6585,,180,2,102.639555,1010.871094,/home/phili/projects/arbplusJAX/results/benchmarks/example_hypgeom_robust_stress_gpu_f32/samples_180_seed_2
besselk,jax_adaptive,180,0.00252325,0.352566,0.244444,0.590496,25.7227,,180,2,102.639555,1010.871094,/home/phili/projects/arbplusJAX/results/benchmarks/example_hypgeom_robust_stress_gpu_f32/samples_180_seed_2
besselk,jax_rigorous,180,0.00252406,0.353021,0.244444,0.590487,43.0185,,180,2,102.639555,1010.871094,/home/phili/projects/arbplusJAX/results/benchmarks/example_hypgeom_robust_stress_gpu_f32/samples_180_seed_2
besselk,scipy,180,24.0451,996.011,0.616667,,0.13712,,180,2,102.639555,1010.871094,/home/phili/projects/arbplusJAX/results/benchmarks/example_hypgeom_robust_stress_gpu_f32/samples_180_seed_2
besselk,jax_point,180,0.00572937,0.712577,1,,17.6229,,180,2,102.639555,1010.871094,/home/phili/projects/arbplusJAX/results/benchmarks/example_hypgeom_robust_stress_gpu_f32/samples_180_seed_2
besselk,mpmath,180,24.0451,996.011,0.616667,,310.457,,180,2,102.639555,1010.871094,/home/phili/projects/arbplusJAX/results/benchmarks/example_hypgeom_robust_stress_gpu_f32/samples_180_seed_2
bessely,c_arb,180,,,,0.347465,0.89127,,180,2,102.639555,1010.871094,/home/phili/projects/arbplusJAX/results/benchmarks/example_hypgeom_robust_stress_gpu_f32/samples_180_seed_2
bessely,jax_basic,180,0.000525664,0.0670865,1,8.72173e-12,14.652,,180,2,102.639555,1010.871094,/home/phili/projects/arbplusJAX/results/benchmarks/example_hypgeom_robust_stress_gpu_f32/samples_180_seed_2
bessely,jax_adaptive,180,0.000525664,0.0670865,0.377778,0.353562,33.1852,,180,2,102.639555,1010.871094,/home/phili/projects/arbplusJAX/results/benchmarks/example_hypgeom_robust_stress_gpu_f32/samples_180_seed_2
bessely,jax_rigorous,180,0.000527783,0.0674643,0.377778,0.353557,65.2747,,180,2,102.639555,1010.871094,/home/phili/projects/arbplusJAX/results/benchmarks/example_hypgeom_robust_stress_gpu_f32/samples_180_seed_2
bessely,scipy,180,136.084,19482,0.605556,,1.17796,,180,2,102.639555,1010.871094,/home/phili/projects/arbplusJAX/results/benchmarks/example_hypgeom_robust_stress_gpu_f32/samples_180_seed_2
bessely,jax_point,180,0.00377535,0.622652,1,,16.4257,,180,2,102.639555,1010.871094,/home/phili/projects/arbplusJAX/results/benchmarks/example_hypgeom_robust_stress_gpu_f32/samples_180_seed_2
bessely,mpmath,180,136.084,19482,0.605556,,123.993,,180,2,102.639555,1010.871094,/home/phili/projects/arbplusJAX/results/benchmarks/example_hypgeom_robust_stress_gpu_f32/samples_180_seed_2
erf,c_arb,180,,,,1.4118e-06,0.611437,,180,2,102.639555,1010.871094,/home/phili/projects/arbplusJAX/results/benchmarks/example_hypgeom_robust_stress_gpu_f32/samples_180_seed_2
erf,jax_basic,180,8.05127e-09,4.54228e-08,0.327778,1.40945e-06,29.8051,,180,2,102.639555,1010.871094,/home/phili/projects/arbplusJAX/results/benchmarks/example_hypgeom_robust_stress_gpu_f32/samples_180_seed_2
erf,jax_adaptive,180,0.194395,0.744037,0,9.53708e-07,3.49567,,180,2,102.639555,1010.871094,/home/phili/projects/arbplusJAX/results/benchmarks/example_hypgeom_robust_stress_gpu_f32/samples_180_seed_2
erf,jax_rigorous,180,0.194395,0.744037,0,9.53708e-07,3.97328,,180,2,102.639555,1010.871094,/home/phili/projects/arbplusJAX/results/benchmarks/example_hypgeom_robust_stress_gpu_f32/samples_180_seed_2
erf,scipy,180,0.194395,0.744037,0.05,,0.037441,,180,2,102.639555,1010.871094,/home/phili/projects/arbplusJAX/results/benchmarks/example_hypgeom_robust_stress_gpu_f32/samples_180_seed_2
erf,jax_scipy,180,0.194395,0.744038,0.05,,14.5739,,180,2,102.639555,1010.871094,/home/phili/projects/arbplusJAX/results/benchmarks/example_hypgeom_robust_stress_gpu_f32/samples_180_seed_2
erf,jax_point,180,1.24395e-08,6.16316e-08,1,,8.91763,,180,2,102.639555,1010.871094,/home/phili/projects/arbplusJAX/results/benchmarks/example_hypgeom_robust_stress_gpu_f32/samples_180_seed_2
erf,mpmath,180,0.194395,0.744037,0.05,,6.99704,,180,2,102.639555,1010.871094,/home/phili/projects/arbplusJAX/results/benchmarks/example_hypgeom_robust_stress_gpu_f32/samples_180_seed_2
CubesselK,c_arb,180,,,,0.00704336,1.70336,,180,2,102.639555,1010.871094,/home/phili/projects/arbplusJAX/results/benchmarks/example_hypgeom_robust_stress_gpu_f32/samples_180_seed_2
CubesselK,jax_basic,180,2.47984e-05,0.00154546,1,1.54838e-13,20.0505,,180,2,102.639555,1010.871094,/home/phili/projects/arbplusJAX/results/benchmarks/example_hypgeom_robust_stress_gpu_f32/samples_180_seed_2
CubesselK,jax_adaptive,180,2.47984e-05,0.00154546,0.272222,0.00698398,34.3884,,180,2,102.639555,1010.871094,/home/phili/projects/arbplusJAX/results/benchmarks/example_hypgeom_robust_stress_gpu_f32/samples_180_seed_2
CubesselK,jax_rigorous,180,2.48108e-05,0.00154506,0.272222,0.00698393,66.3313,,180,2,102.639555,1010.871094,/home/phili/projects/arbplusJAX/results/benchmarks/example_hypgeom_robust_stress_gpu_f32/samples_180_seed_2
CubesselK,scipy,180,233.247,38079.8,0.633333,,0.141276,,180,2,102.639555,1010.871094,/home/phili/projects/arbplusJAX/results/benchmarks/example_hypgeom_robust_stress_gpu_f32/samples_180_seed_2
CubesselK,jax_point,180,1.86906e-05,0.00102742,1,,15.1368,,180,2,102.639555,1010.871094,/home/phili/projects/arbplusJAX/results/benchmarks/example_hypgeom_robust_stress_gpu_f32/samples_180_seed_2
CubesselK,mpmath,180,233.247,38079.8,0.633333,,280.747,,180,2,102.639555,1010.871094,/home/phili/projects/arbplusJAX/results/benchmarks/example_hypgeom_robust_stress_gpu_f32/samples_180_seed_2
erfc,c_arb,360,,,,1.38817e-06,0.805677,,360,0,102.639555,1010.871094,/home/phili/projects/arbplusJAX/results/benchmarks/example_hypgeom_robust_stress_gpu_f32/samples_360_seed_0
erfc,jax_basic,360,7.25973e-09,4.36041e-08,0.244444,1.3888e-06,18.9826,,360,0,102.639555,1010.871094,/home/phili/projects/arbplusJAX/results/benchmarks/example_hypgeom_robust_stress_gpu_f32/samples_360_seed_0
erfc,jax_adaptive,360,0.184571,0.748201,0.00833333,9.6355e-07,4.0929,,360,0,102.639555,1010.871094,/home/phili/projects/arbplusJAX/results/benchmarks/example_hypgeom_robust_stress_gpu_f32/samples_360_seed_0
erfc,jax_rigorous,360,0.184571,0.748201,0.00833333,9.63551e-07,6.63788,,360,0,102.639555,1010.871094,/home/phili/projects/arbplusJAX/results/benchmarks/example_hypgeom_robust_stress_gpu_f32/samples_360_seed_0
erfc,scipy,360,0.184571,0.748201,0.0583333,,0.06841,,360,0,102.639555,1010.871094,/home/phili/projects/arbplusJAX/results/benchmarks/example_hypgeom_robust_stress_gpu_f32/samples_360_seed_0
erfc,jax_scipy,360,0.18457,0.748201,0.0583333,,4.30461,,360,0,102.639555,1010.871094,/home/phili/projects/arbplusJAX/results/benchmarks/example_hypgeom_robust_stress_gpu_f32/samples_360_seed_0
erfc,jax_point,360,1.30842e-08,6.27946e-08,1,,14.3598,,360,0,102.639555,1010.871094,/home/phili/projects/arbplusJAX/results/benchmarks/example_hypgeom_robust_stress_gpu_f32/samples_360_seed_0
erfc,mpmath,360,0.184571,0.748201,0.0583333,,13.5636,,360,0,102.639555,1010.871094,/home/phili/projects/arbplusJAX/results/benchmarks/example_hypgeom_robust_stress_gpu_f32/samples_360_seed_0
besseli,c_arb,360,,,,4.97386e-06,2.77,,360,0,102.639555,1010.871094,/home/phili/projects/arbplusJAX/results/benchmarks/example_hypgeom_robust_stress_gpu_f32/samples_360_seed_0
besseli,jax_basic,360,1.62564e-07,3.40369e-06,1,4.30369e-15,18.8828,,360,0,102.639555,1010.871094,/home/phili/projects/arbplusJAX/results/benchmarks/example_hypgeom_robust_stress_gpu_f32/samples_360_seed_0
besseli,jax_adaptive,360,1.62564e-07,3.40369e-06,0,7.21465e-06,24.204,,360,0,102.639555,1010.871094,/home/phili/projects/arbplusJAX/results/benchmarks/example_hypgeom_robust_stress_gpu_f32/samples_360_seed_0
besseli,jax_rigorous,360,1.62564e-07,3.40369e-06,0,7.21464e-06,35.8901,,360,0,102.639555,1010.871094,/home/phili/projects/arbplusJAX/results/benchmarks/example_hypgeom_robust_stress_gpu_f32/samples_360_seed_0
besseli,scipy,360,1.25789e-12,1.00151e-11,1,,0.368128,,360,0,102.639555,1010.871094,/home/phili/projects/arbplusJAX/results/benchmarks/example_hypgeom_robust_stress_gpu_f32/samples_360_seed_0
besseli,jax_point,360,2.25667e-07,3.47457e-06,1,,6.61162,,360,0,102.639555,1010.871094,/home/phili/projects/arbplusJAX/results/benchmarks/example_hypgeom_robust_stress_gpu_f32/samples_360_seed_0
besseli,mpmath,360,1.25746e-12,1.0008e-11,1,,88.9903,,360,0,102.639555,1010.871094,/home/phili/projects/arbplusJAX/results/benchmarks/example_hypgeom_robust_stress_gpu_f32/samples_360_seed_0
gamma,c_arb,360,,,,8.64144e-06,1.07098,,360,0,102.639555,1010.871094,/home/phili/projects/arbplusJAX/results/benchmarks/example_hypgeom_robust_stress_gpu_f32/samples_360_seed_0
gamma,jax_basic,360,2.32673e-08,2.36559e-07,0.302778,8.64199e-06,3.15201,,360,0,102.639555,1010.871094,/home/phili/projects/arbplusJAX/results/benchmarks/example_hypgeom_robust_stress_gpu_f32/samples_360_seed_0
gamma,jax_adaptive,360,2.32617e-08,2.36217e-07,0.302778,8.64204e-06,7.83549,,360,0,102.639555,1010.871094,/home/phili/projects/arbplusJAX/results/benchmarks/example_hypgeom_robust_stress_gpu_f32/samples_360_seed_0
gamma,jax_rigorous,360,2.32617e-08,2.36217e-07,0.302778,8.64209e-06,2.47563,,360,0,102.639555,1010.871094,/home/phili/projects/arbplusJAX/results/benchmarks/example_hypgeom_robust_stress_gpu_f32/samples_360_seed_0
gamma,scipy,360,2.44067e-11,8.49502e-10,1,,0.024987,,360,0,102.639555,1010.871094,/home/phili/projects/arbplusJAX/results/benchmarks/example_hypgeom_robust_stress_gpu_f32/samples_360_seed_0
gamma,jax_scipy,360,9.30734e-07,1.01426e-05,0.575,,4.73644,,360,0,102.639555,1010.871094,/home/phili/projects/arbplusJAX/results/benchmarks/example_hypgeom_robust_stress_gpu_f32/samples_360_seed_0
gamma,jax_point,360,4.31593e-08,3.81034e-07,1,,5.79657,,360,0,102.639555,1010.871094,/home/phili/projects/arbplusJAX/results/benchmarks/example_hypgeom_robust_stress_gpu_f32/samples_360_seed_0
gamma,mpmath,360,2.44067e-11,8.49502e-10,1,,7.01681,,360,0,102.639555,1010.871094,/home/phili/projects/arbplusJAX/results/benchmarks/example_hypgeom_robust_stress_gpu_f32/samples_360_seed_0
besselj,c_arb,360,,,,1.21353e-06,1.31388,,360,0,102.639555,1010.871094,/home/phili/projects/arbplusJAX/results/benchmarks/example_hypgeom_robust_stress_gpu_f32/samples_360_seed_0
besselj,jax_basic,360,9.21852e-09,2.75905e-07,0.997222,4.40354e-16,11.5476,,360,0,102.639555,1010.871094,/home/phili/projects/arbplusJAX/results/benchmarks/example_hypgeom_robust_stress_gpu_f32/samples_360_seed_0
besselj,jax_adaptive,360,9.21852e-09,2.75905e-07,0,1.66774e-06,14.7426,,360,0,102.639555,1010.871094,/home/phili/projects/arbplusJAX/results/benchmarks/example_hypgeom_robust_stress_gpu_f32/samples_360_seed_0
besselj,jax_rigorous,360,8.8445e-09,1.41246e-07,0,1.66699e-06,45.1403,,360,0,102.639555,1010.871094,/home/phili/projects/arbplusJAX/results/benchmarks/example_hypgeom_robust_stress_gpu_f32/samples_360_seed_0
besselj,scipy,360,7.4795e-10,2.69225e-07,1,,0.256812,,360,0,102.639555,1010.871094,/home/phili/projects/arbplusJAX/results/benchmarks/example_hypgeom_robust_stress_gpu_f32/samples_360_seed_0
besselj,jax_point,360,1.51787e-08,2.74804e-07,0.994444,,11.5778,,360,0,102.639555,1010.871094,/home/phili/projects/arbplusJAX/results/benchmarks/example_hypgeom_robust_stress_gpu_f32/samples_360_seed_0
besselj,mpmath,360,7.4795e-10,2.69225e-07,1,,113.731,,360,0,102.639555,1010.871094,/home/phili/projects/arbplusJAX/results/benchmarks/example_hypgeom_robust_stress_gpu_f32/samples_360_seed_0
besselk,c_arb,360,,,,0.355103,2.57135,,360,0,102.639555,1010.871094,/home/phili/projects/arbplusJAX/results/benchmarks/example_hypgeom_robust_stress_gpu_f32/samples_360_seed_0
besselk,jax_basic,360,0.00453169,0.997907,1,5.41976e-12,19.656,,360,0,102.639555,1010.871094,/home/phili/projects/arbplusJAX/results/benchmarks/example_hypgeom_robust_stress_gpu_f32/samples_360_seed_0
besselk,jax_adaptive,360,0.00453169,0.997907,0.263889,0.366559,32.2521,,360,0,102.639555,1010.871094,/home/phili/projects/arbplusJAX/results/benchmarks/example_hypgeom_robust_stress_gpu_f32/samples_360_seed_0
besselk,jax_rigorous,360,0.0043799,0.94307,0.263889,0.36625,73.0378,,360,0,102.639555,1010.871094,/home/phili/projects/arbplusJAX/results/benchmarks/example_hypgeom_robust_stress_gpu_f32/samples_360_seed_0
besselk,scipy,360,226.059,36915.8,0.588889,,0.370106,,360,0,102.639555,1010.871094,/home/phili/projects/arbplusJAX/results/benchmarks/example_hypgeom_robust_stress_gpu_f32/samples_360_seed_0
besselk,jax_point,360,0.00873185,2.28721,1,,15.6638,,360,0,102.639555,1010.871094,/home/phili/projects/arbplusJAX/results/benchmarks/example_hypgeom_robust_stress_gpu_f32/samples_360_seed_0
besselk,mpmath,360,226.059,36915.8,0.588889,,621.928,,360,0,102.639555,1010.871094,/home/phili/projects/arbplusJAX/results/benchmarks/example_hypgeom_robust_stress_gpu_f32/samples_360_seed_0
bessely,c_arb,360,,,,0.0624225,4.06502,,360,0,102.639555,1010.871094,/home/phili/projects/arbplusJAX/results/benchmarks/example_hypgeom_robust_stress_gpu_f32/samples_360_seed_0
bessely,jax_basic,360,0.000151678,0.0232649,1,1.66073e-12,15.2787,,360,0,102.639555,1010.871094,/home/phili/projects/arbplusJAX/results/benchmarks/example_hypgeom_robust_stress_gpu_f32/samples_360_seed_0
bessely,jax_adaptive,360,0.000151678,0.0232649,0.280556,0.0629805,29.1701,,360,0,102.639555,1010.871094,/home/phili/projects/arbplusJAX/results/benchmarks/example_hypgeom_robust_stress_gpu_f32/samples_360_seed_0
bessely,jax_rigorous,360,0.000152004,0.0233145,0.280556,0.0629798,51.8329,,360,0,102.639555,1010.871094,/home/phili/projects/arbplusJAX/results/benchmarks/example_hypgeom_robust_stress_gpu_f32/samples_360_seed_0
bessely,scipy,360,785.513,223237,0.636111,,1.34741,,360,0,102.639555,1010.871094,/home/phili/projects/arbplusJAX/results/benchmarks/example_hypgeom_robust_stress_gpu_f32/samples_360_seed_0
bessely,jax_point,360,0.000531567,0.156296,1,,15.1542,,360,0,102.639555,1010.871094,/home/phili/projects/arbplusJAX/results/benchmarks/example_hypgeom_robust_stress_gpu_f32/samples_360_seed_0
bessely,mpmath,360,785.513,223237,0.636111,,320.162,,360,0,102.639555,1010.871094,/home/phili/projects/arbplusJAX/results/benchmarks/example_hypgeom_robust_stress_gpu_f32/samples_360_seed_0
erf,c_arb,360,,,,1.26014e-06,2.45231,,360,0,102.639555,1010.871094,/home/phili/projects/arbplusJAX/results/benchmarks/example_hypgeom_robust_stress_gpu_f32/samples_360_seed_0
erf,jax_basic,360,6.20798e-09,3.99807e-08,0.294444,1.25841e-06,15.4984,,360,0,102.639555,1010.871094,/home/phili/projects/arbplusJAX/results/benchmarks/example_hypgeom_robust_stress_gpu_f32/samples_360_seed_0
erf,jax_adaptive,360,0.149207,0.748429,0.00555556,1.00615e-06,3.51993,,360,0,102.639555,1010.871094,/home/phili/projects/arbplusJAX/results/benchmarks/example_hypgeom_robust_stress_gpu_f32/samples_360_seed_0
erf,jax_rigorous,360,0.149207,0.748429,0.00555556,1.00616e-06,4.47393,,360,0,102.639555,1010.871094,/home/phili/projects/arbplusJAX/results/benchmarks/example_hypgeom_robust_stress_gpu_f32/samples_360_seed_0
erf,scipy,360,0.149207,0.748429,0.0444444,,0.043379,,360,0,102.639555,1010.871094,/home/phili/projects/arbplusJAX/results/benchmarks/example_hypgeom_robust_stress_gpu_f32/samples_360_seed_0
erf,jax_scipy,360,0.149207,0.748429,0.0444444,,4.74654,,360,0,102.639555,1010.871094,/home/phili/projects/arbplusJAX/results/benchmarks/example_hypgeom_robust_stress_gpu_f32/samples_360_seed_0
erf,jax_point,360,1.11908e-08,5.81287e-08,1,,12.2597,,360,0,102.639555,1010.871094,/home/phili/projects/arbplusJAX/results/benchmarks/example_hypgeom_robust_stress_gpu_f32/samples_360_seed_0
erf,mpmath,360,0.149207,0.748429,0.0444444,,12.9475,,360,0,102.639555,1010.871094,/home/phili/projects/arbplusJAX/results/benchmarks/example_hypgeom_robust_stress_gpu_f32/samples_360_seed_0
CubesselK,c_arb,360,,,,0.866994,2.08457,,360,0,102.639555,1010.871094,/home/phili/projects/arbplusJAX/results/benchmarks/example_hypgeom_robust_stress_gpu_f32/samples_360_seed_0
CubesselK,jax_basic,360,0.00946257,3.14871,1,1.01026e-11,15.1567,,360,0,102.639555,1010.871094,/home/phili/projects/arbplusJAX/results/benchmarks/example_hypgeom_robust_stress_gpu_f32/samples_360_seed_0
CubesselK,jax_adaptive,360,0.00946257,3.14871,0.277778,0.862411,28.2951,,360,0,102.639555,1010.871094,/home/phili/projects/arbplusJAX/results/benchmarks/example_hypgeom_robust_stress_gpu_f32/samples_360_seed_0
CubesselK,jax_rigorous,360,0.00945892,3.14733,0.277778,0.862402,31.771,,360,0,102.639555,1010.871094,/home/phili/projects/arbplusJAX/results/benchmarks/example_hypgeom_robust_stress_gpu_f32/samples_360_seed_0
CubesselK,scipy,360,691.639,234220,0.605556,,0.278268,,360,0,102.639555,1010.871094,/home/phili/projects/arbplusJAX/results/benchmarks/example_hypgeom_robust_stress_gpu_f32/samples_360_seed_0
CubesselK,jax_point,360,0.00983368,3.14871,1,,17.1034,,360,0,102.639555,1010.871094,/home/phili/projects/arbplusJAX/results/benchmarks/example_hypgeom_robust_stress_gpu_f32/samples_360_seed_0
CubesselK,mpmath,360,691.639,234220,0.605556,,610.355,,360,0,102.639555,1010.871094,/home/phili/projects/arbplusJAX/results/benchmarks/example_hypgeom_robust_stress_gpu_f32/samples_360_seed_0
erfc,c_arb,360,,,,1.33554e-06,1.04539,,360,1,102.639555,1010.871094,/home/phili/projects/arbplusJAX/results/benchmarks/example_hypgeom_robust_stress_gpu_f32/samples_360_seed_1
erfc,jax_basic,360,7.05798e-09,4.16217e-08,0.275,1.33461e-06,20.0716,,360,1,102.639555,1010.871094,/home/phili/projects/arbplusJAX/results/benchmarks/example_hypgeom_robust_stress_gpu_f32/samples_360_seed_1
erfc,jax_adaptive,360,0.165997,0.745256,0.00555556,9.97266e-07,3.04024,,360,1,102.639555,1010.871094,/home/phili/projects/arbplusJAX/results/benchmarks/example_hypgeom_robust_stress_gpu_f32/samples_360_seed_1
erfc,jax_rigorous,360,0.165997,0.745256,0.00555556,9.97267e-07,4.73584,,360,1,102.639555,1010.871094,/home/phili/projects/arbplusJAX/results/benchmarks/example_hypgeom_robust_stress_gpu_f32/samples_360_seed_1
erfc,scipy,360,0.165997,0.745256,0.0611111,,0.044592,,360,1,102.639555,1010.871094,/home/phili/projects/arbplusJAX/results/benchmarks/example_hypgeom_robust_stress_gpu_f32/samples_360_seed_1
erfc,jax_scipy,360,0.165997,0.745256,0.0611111,,8.82799,,360,1,102.639555,1010.871094,/home/phili/projects/arbplusJAX/results/benchmarks/example_hypgeom_robust_stress_gpu_f32/samples_360_seed_1
erfc,jax_point,360,1.14199e-08,5.94801e-08,1,,10.3572,,360,1,102.639555,1010.871094,/home/phili/projects/arbplusJAX/results/benchmarks/example_hypgeom_robust_stress_gpu_f32/samples_360_seed_1
erfc,mpmath,360,0.165997,0.745256,0.0611111,,13.8966,,360,1,102.639555,1010.871094,/home/phili/projects/arbplusJAX/results/benchmarks/example_hypgeom_robust_stress_gpu_f32/samples_360_seed_1
besseli,c_arb,360,,,,5.24442e-06,1.34207,,360,1,102.639555,1010.871094,/home/phili/projects/arbplusJAX/results/benchmarks/example_hypgeom_robust_stress_gpu_f32/samples_360_seed_1
besseli,jax_basic,360,1.67164e-07,2.77752e-06,1,4.55312e-15,6.79203,,360,1,102.639555,1010.871094,/home/phili/projects/arbplusJAX/results/benchmarks/example_hypgeom_robust_stress_gpu_f32/samples_360_seed_1
besseli,jax_adaptive,360,1.67164e-07,2.77752e-06,0,7.55675e-06,11.9603,,360,1,102.639555,1010.871094,/home/phili/projects/arbplusJAX/results/benchmarks/example_hypgeom_robust_stress_gpu_f32/samples_360_seed_1
besseli,jax_rigorous,360,1.67164e-07,2.77752e-06,0,7.55675e-06,38.4147,,360,1,102.639555,1010.871094,/home/phili/projects/arbplusJAX/results/benchmarks/example_hypgeom_robust_stress_gpu_f32/samples_360_seed_1
besseli,scipy,360,1.42307e-12,4.82993e-11,1,,0.240569,,360,1,102.639555,1010.871094,/home/phili/projects/arbplusJAX/results/benchmarks/example_hypgeom_robust_stress_gpu_f32/samples_360_seed_1
besseli,jax_point,360,2.92041e-07,4.03095e-06,1,,11.4386,,360,1,102.639555,1010.871094,/home/phili/projects/arbplusJAX/results/benchmarks/example_hypgeom_robust_stress_gpu_f32/samples_360_seed_1
besseli,mpmath,360,1.42283e-12,4.82991e-11,1,,99.7084,,360,1,102.639555,1010.871094,/home/phili/projects/arbplusJAX/results/benchmarks/example_hypgeom_robust_stress_gpu_f32/samples_360_seed_1
gamma,c_arb,360,,,,6.99722e-06,1.05025,,360,1,102.639555,1010.871094,/home/phili/projects/arbplusJAX/results/benchmarks/example_hypgeom_robust_stress_gpu_f32/samples_360_seed_1
gamma,jax_basic,360,2.17939e-08,2.6358e-07,0.277778,7.00477e-06,3.79276,,360,1,102.639555,1010.871094,/home/phili/projects/arbplusJAX/results/benchmarks/example_hypgeom_robust_stress_gpu_f32/samples_360_seed_1
gamma,jax_adaptive,360,2.17959e-08,2.63261e-07,0.277778,7.00481e-06,10.9834,,360,1,102.639555,1010.871094,/home/phili/projects/arbplusJAX/results/benchmarks/example_hypgeom_robust_stress_gpu_f32/samples_360_seed_1
gamma,jax_rigorous,360,2.17959e-08,2.63261e-07,0.277778,7.00484e-06,4.45163,,360,1,102.639555,1010.871094,/home/phili/projects/arbplusJAX/results/benchmarks/example_hypgeom_robust_stress_gpu_f32/samples_360_seed_1
gamma,scipy,360,1.87608e-11,9.91026e-10,1,,0.017633,,360,1,102.639555,1010.871094,/home/phili/projects/arbplusJAX/results/benchmarks/example_hypgeom_robust_stress_gpu_f32/samples_360_seed_1
gamma,jax_scipy,360,8.12473e-07,6.18488e-06,0.544444,,5.2434,,360,1,102.639555,1010.871094,/home/phili/projects/arbplusJAX/results/benchmarks/example_hypgeom_robust_stress_gpu_f32/samples_360_seed_1
gamma,jax_point,360,4.1152e-08,4.12997e-07,1,,7.16368,,360,1,102.639555,1010.871094,/home/phili/projects/arbplusJAX/results/benchmarks/example_hypgeom_robust_stress_gpu_f32/samples_360_seed_1
gamma,mpmath,360,1.87608e-11,9.91026e-10,1,,7.06132,,360,1,102.639555,1010.871094,/home/phili/projects/arbplusJAX/results/benchmarks/example_hypgeom_robust_stress_gpu_f32/samples_360_seed_1
besselj,c_arb,360,,,,3.39052e-07,1.00021,,360,1,102.639555,1010.871094,/home/phili/projects/arbplusJAX/results/benchmarks/example_hypgeom_robust_stress_gpu_f32/samples_360_seed_1
besselj,jax_basic,360,7.71478e-09,7.86914e-08,1,4.16541e-16,10.0014,,360,1,102.639555,1010.871094,/home/phili/projects/arbplusJAX/results/benchmarks/example_hypgeom_robust_stress_gpu_f32/samples_360_seed_1
besselj,jax_adaptive,360,7.71478e-09,7.86914e-08,0,7.44623e-07,18.1232,,360,1,102.639555,1010.871094,/home/phili/projects/arbplusJAX/results/benchmarks/example_hypgeom_robust_stress_gpu_f32/samples_360_seed_1
besselj,jax_rigorous,360,7.7148e-09,7.86914e-08,0,7.44623e-07,36.9561,,360,1,102.639555,1010.871094,/home/phili/projects/arbplusJAX/results/benchmarks/example_hypgeom_robust_stress_gpu_f32/samples_360_seed_1
besselj,scipy,360,9.59365e-14,3.74423e-12,1,,0.307478,,360,1,102.639555,1010.871094,/home/phili/projects/arbplusJAX/results/benchmarks/example_hypgeom_robust_stress_gpu_f32/samples_360_seed_1
besselj,jax_point,360,1.30846e-08,9.8711e-08,0.997222,,8.29158,,360,1,102.639555,1010.871094,/home/phili/projects/arbplusJAX/results/benchmarks/example_hypgeom_robust_stress_gpu_f32/samples_360_seed_1
besselj,mpmath,360,9.59998e-14,3.74378e-12,1,,106.764,,360,1,102.639555,1010.871094,/home/phili/projects/arbplusJAX/results/benchmarks/example_hypgeom_robust_stress_gpu_f32/samples_360_seed_1
besselk,c_arb,360,,,,0.383474,2.24183,,360,1,102.639555,1010.871094,/home/phili/projects/arbplusJAX/results/benchmarks/example_hypgeom_robust_stress_gpu_f32/samples_360_seed_1
besselk,jax_basic,360,0.00231562,0.793836,1,1.15432e-11,14.4193,,360,1,102.639555,1010.871094,/home/phili/projects/arbplusJAX/results/benchmarks/example_hypgeom_robust_stress_gpu_f32/samples_360_seed_1
besselk,jax_adaptive,360,0.00231562,0.793836,0.288889,0.381019,30.3551,,360,1,102.639555,1010.871094,/home/phili/projects/arbplusJAX/results/benchmarks/example_hypgeom_robust_stress_gpu_f32/samples_360_seed_1
besselk,jax_rigorous,360,0.0023139,0.79325,0.288889,0.381016,49.3819,,360,1,102.639555,1010.871094,/home/phili/projects/arbplusJAX/results/benchmarks/example_hypgeom_robust_stress_gpu_f32/samples_360_seed_1
besselk,scipy,360,802.015,164919,0.613889,,0.403606,,360,1,102.639555,1010.871094,/home/phili/projects/arbplusJAX/results/benchmarks/example_hypgeom_robust_stress_gpu_f32/samples_360_seed_1
besselk,jax_point,360,0.00235822,0.793836,1,,17.411,,360,1,102.639555,1010.871094,/home/phili/projects/arbplusJAX/results/benchmarks/example_hypgeom_robust_stress_gpu_f32/samples_360_seed_1
besselk,mpmath,360,802.015,164919,0.613889,,682.979,,360,1,102.639555,1010.871094,/home/phili/projects/arbplusJAX/results/benchmarks/example_hypgeom_robust_stress_gpu_f32/samples_360_seed_1
bessely,c_arb,360,,,,4.74651,1.91429,,360,1,102.639555,1010.871094,/home/phili/projects/arbplusJAX/results/benchmarks/example_hypgeom_robust_stress_gpu_f32/samples_360_seed_1
bessely,jax_basic,360,0.0120847,1.51989,1,9.38193e-11,14.9331,,360,1,102.639555,1010.871094,/home/phili/projects/arbplusJAX/results/benchmarks/example_hypgeom_robust_stress_gpu_f32/samples_360_seed_1
bessely,jax_adaptive,360,0.0120847,1.51989,0.275,4.73265,30.3928,,360,1,102.639555,1010.871094,/home/phili/projects/arbplusJAX/results/benchmarks/example_hypgeom_robust_stress_gpu_f32/samples_360_seed_1
bessely,jax_rigorous,360,0.0121166,1.52758,0.275,4.73259,49.2037,,360,1,102.639555,1010.871094,/home/phili/projects/arbplusJAX/results/benchmarks/example_hypgeom_robust_stress_gpu_f32/samples_360_seed_1
bessely,scipy,360,211.218,59903.5,0.575,,0.81907,,360,1,102.639555,1010.871094,/home/phili/projects/arbplusJAX/results/benchmarks/example_hypgeom_robust_stress_gpu_f32/samples_360_seed_1
bessely,jax_point,360,0.0159036,3.38042,1,,13.0337,,360,1,102.639555,1010.871094,/home/phili/projects/arbplusJAX/results/benchmarks/example_hypgeom_robust_stress_gpu_f32/samples_360_seed_1
bessely,mpmath,360,211.218,59903.5,0.575,,211.734,,360,1,102.639555,1010.871094,/home/phili/projects/arbplusJAX/results/benchmarks/example_hypgeom_robust_stress_gpu_f32/samples_360_seed_1
erf,c_arb,360,,,,1.36003e-06,1.08428,,360,1,102.639555,1010.871094,/home/phili/projects/arbplusJAX/results/benchmarks/example_hypgeom_robust_stress_gpu_f32/samples_360_seed_1
erf,jax_basic,360,6.80295e-09,4.84715e-08,0.3,1.35794e-06,21.4308,,360,1,102.639555,1010.871094,/home/phili/projects/arbplusJAX/results/benchmarks/example_hypgeom_robust_stress_gpu_f32/samples_360_seed_1
erf,jax_adaptive,360,0.172435,0.743226,0,9.90933e-07,2.8349,,360,1,102.639555,1010.871094,/home/phili/projects/arbplusJAX/results/benchmarks/example_hypgeom_robust_stress_gpu_f32/samples_360_seed_1
erf,jax_rigorous,360,0.172435,0.743226,0,9.90934e-07,4.60781,,360,1,102.639555,1010.871094,/home/phili/projects/arbplusJAX/results/benchmarks/example_hypgeom_robust_stress_gpu_f32/samples_360_seed_1
erf,scipy,360,0.172435,0.743226,0.0472222,,0.024725,,360,1,102.639555,1010.871094,/home/phili/projects/arbplusJAX/results/benchmarks/example_hypgeom_robust_stress_gpu_f32/samples_360_seed_1
erf,jax_scipy,360,0.172435,0.743227,0.0472222,,7.30365,,360,1,102.639555,1010.871094,/home/phili/projects/arbplusJAX/results/benchmarks/example_hypgeom_robust_stress_gpu_f32/samples_360_seed_1
erf,jax_point,360,1.19598e-08,5.74576e-08,1,,6.68207,,360,1,102.639555,1010.871094,/home/phili/projects/arbplusJAX/results/benchmarks/example_hypgeom_robust_stress_gpu_f32/samples_360_seed_1
erf,mpmath,360,0.172435,0.743226,0.0472222,,13.6983,,360,1,102.639555,1010.871094,/home/phili/projects/arbplusJAX/results/benchmarks/example_hypgeom_robust_stress_gpu_f32/samples_360_seed_1
CubesselK,c_arb,360,,,,0.100427,4.74267,,360,1,102.639555,1010.871094,/home/phili/projects/arbplusJAX/results/benchmarks/example_hypgeom_robust_stress_gpu_f32/samples_360_seed_1
CubesselK,jax_basic,360,0.000441451,0.110576,1,1.8167e-12,16.217,,360,1,102.639555,1010.871094,/home/phili/projects/arbplusJAX/results/benchmarks/example_hypgeom_robust_stress_gpu_f32/samples_360_seed_1
CubesselK,jax_adaptive,360,0.000441451,0.110576,0.311111,0.0997385,22.5202,,360,1,102.639555,1010.871094,/home/phili/projects/arbplusJAX/results/benchmarks/example_hypgeom_robust_stress_gpu_f32/samples_360_seed_1
CubesselK,jax_rigorous,360,0.000441186,0.110473,0.311111,0.0997377,53.029,,360,1,102.639555,1010.871094,/home/phili/projects/arbplusJAX/results/benchmarks/example_hypgeom_robust_stress_gpu_f32/samples_360_seed_1
CubesselK,scipy,360,311.576,86589.3,0.586111,,0.352671,,360,1,102.639555,1010.871094,/home/phili/projects/arbplusJAX/results/benchmarks/example_hypgeom_robust_stress_gpu_f32/samples_360_seed_1
CubesselK,jax_point,360,0.000454374,0.110576,1,,22.8149,,360,1,102.639555,1010.871094,/home/phili/projects/arbplusJAX/results/benchmarks/example_hypgeom_robust_stress_gpu_f32/samples_360_seed_1
CubesselK,mpmath,360,311.576,86589.3,0.586111,,685.425,,360,1,102.639555,1010.871094,/home/phili/projects/arbplusJAX/results/benchmarks/example_hypgeom_robust_stress_gpu_f32/samples_360_seed_1
erfc,c_arb,360,,,,1.32523e-06,0.931771,,360,2,102.639555,1010.871094,/home/phili/projects/arbplusJAX/results/benchmarks/example_hypgeom_robust_stress_gpu_f32/samples_360_seed_2
erfc,jax_basic,360,7.41345e-09,4.56765e-08,0.266667,1.32537e-06,21.0743,,360,2,102.639555,1010.871094,/home/phili/projects/arbplusJAX/results/benchmarks/example_hypgeom_robust_stress_gpu_f32/samples_360_seed_2
erfc,jax_adaptive,360,0.162517,0.735603,0,9.91882e-07,2.8003,,360,2,102.639555,1010.871094,/home/phili/projects/arbplusJAX/results/benchmarks/example_hypgeom_robust_stress_gpu_f32/samples_360_seed_2
erfc,jax_rigorous,360,0.162517,0.735603,0,9.91882e-07,5.17036,,360,2,102.639555,1010.871094,/home/phili/projects/arbplusJAX/results/benchmarks/example_hypgeom_robust_stress_gpu_f32/samples_360_seed_2
erfc,scipy,360,0.162517,0.735603,0.05,,0.060474,,360,2,102.639555,1010.871094,/home/phili/projects/arbplusJAX/results/benchmarks/example_hypgeom_robust_stress_gpu_f32/samples_360_seed_2
erfc,jax_scipy,360,0.162517,0.735603,0.05,,10.7564,,360,2,102.639555,1010.871094,/home/phili/projects/arbplusJAX/results/benchmarks/example_hypgeom_robust_stress_gpu_f32/samples_360_seed_2
erfc,jax_point,360,1.10037e-08,5.98142e-08,1,,8.81817,,360,2,102.639555,1010.871094,/home/phili/projects/arbplusJAX/results/benchmarks/example_hypgeom_robust_stress_gpu_f32/samples_360_seed_2
erfc,mpmath,360,0.162517,0.735603,0.05,,11.7917,,360,2,102.639555,1010.871094,/home/phili/projects/arbplusJAX/results/benchmarks/example_hypgeom_robust_stress_gpu_f32/samples_360_seed_2
besseli,c_arb,360,,,,5.83956e-06,1.39862,,360,2,102.639555,1010.871094,/home/phili/projects/arbplusJAX/results/benchmarks/example_hypgeom_robust_stress_gpu_f32/samples_360_seed_2
besseli,jax_basic,360,2.05714e-07,3.47254e-06,1,5.10234e-15,12.8024,,360,2,102.639555,1010.871094,/home/phili/projects/arbplusJAX/results/benchmarks/example_hypgeom_robust_stress_gpu_f32/samples_360_seed_2
besseli,jax_adaptive,360,2.05714e-07,3.47254e-06,0,8.40599e-06,16.6269,,360,2,102.639555,1010.871094,/home/phili/projects/arbplusJAX/results/benchmarks/example_hypgeom_robust_stress_gpu_f32/samples_360_seed_2
besseli,jax_rigorous,360,2.05714e-07,3.47253e-06,0,8.40599e-06,28.386,,360,2,102.639555,1010.871094,/home/phili/projects/arbplusJAX/results/benchmarks/example_hypgeom_robust_stress_gpu_f32/samples_360_seed_2
besseli,scipy,360,1.49867e-12,2.30786e-11,1,,0.222803,,360,2,102.639555,1010.871094,/home/phili/projects/arbplusJAX/results/benchmarks/example_hypgeom_robust_stress_gpu_f32/samples_360_seed_2
besseli,jax_point,360,2.84386e-07,4.14229e-06,1,,17.9509,,360,2,102.639555,1010.871094,/home/phili/projects/arbplusJAX/results/benchmarks/example_hypgeom_robust_stress_gpu_f32/samples_360_seed_2
besseli,mpmath,360,1.49829e-12,2.30787e-11,1,,64.034,,360,2,102.639555,1010.871094,/home/phili/projects/arbplusJAX/results/benchmarks/example_hypgeom_robust_stress_gpu_f32/samples_360_seed_2
gamma,c_arb,360,,,,7.23414e-06,2.57198,,360,2,102.639555,1010.871094,/home/phili/projects/arbplusJAX/results/benchmarks/example_hypgeom_robust_stress_gpu_f32/samples_360_seed_2
gamma,jax_basic,360,2.31294e-08,1.74389e-07,0.322222,7.23817e-06,4.4096,,360,2,102.639555,1010.871094,/home/phili/projects/arbplusJAX/results/benchmarks/example_hypgeom_robust_stress_gpu_f32/samples_360_seed_2
gamma,jax_adaptive,360,2.31283e-08,1.74128e-07,0.322222,7.2382e-06,10.773,,360,2,102.639555,1010.871094,/home/phili/projects/arbplusJAX/results/benchmarks/example_hypgeom_robust_stress_gpu_f32/samples_360_seed_2
gamma,jax_rigorous,360,2.31283e-08,1.74128e-07,0.322222,7.23824e-06,3.90101,,360,2,102.639555,1010.871094,/home/phili/projects/arbplusJAX/results/benchmarks/example_hypgeom_robust_stress_gpu_f32/samples_360_seed_2
gamma,scipy,360,1.95004e-11,8.2283e-10,1,,0.021754,,360,2,102.639555,1010.871094,/home/phili/projects/arbplusJAX/results/benchmarks/example_hypgeom_robust_stress_gpu_f32/samples_360_seed_2
gamma,jax_scipy,360,8.63142e-07,6.12385e-06,0.55,,6.56654,,360,2,102.639555,1010.871094,/home/phili/projects/arbplusJAX/results/benchmarks/example_hypgeom_robust_stress_gpu_f32/samples_360_seed_2
gamma,jax_point,360,4.23069e-08,2.78287e-07,1,,11.0545,,360,2,102.639555,1010.871094,/home/phili/projects/arbplusJAX/results/benchmarks/example_hypgeom_robust_stress_gpu_f32/samples_360_seed_2
gamma,mpmath,360,1.95004e-11,8.2283e-10,1,,9.0978,,360,2,102.639555,1010.871094,/home/phili/projects/arbplusJAX/results/benchmarks/example_hypgeom_robust_stress_gpu_f32/samples_360_seed_2
besselj,c_arb,360,,,,3.64143e-07,1.95348,,360,2,102.639555,1010.871094,/home/phili/projects/arbplusJAX/results/benchmarks/example_hypgeom_robust_stress_gpu_f32/samples_360_seed_2
besselj,jax_basic,360,7.80461e-09,8.29598e-08,0.997222,4.1744e-16,16.1076,,360,2,102.639555,1010.871094,/home/phili/projects/arbplusJAX/results/benchmarks/example_hypgeom_robust_stress_gpu_f32/samples_360_seed_2
besselj,jax_adaptive,360,7.80461e-09,8.29598e-08,0.00277778,7.65511e-07,8.60791,,360,2,102.639555,1010.871094,/home/phili/projects/arbplusJAX/results/benchmarks/example_hypgeom_robust_stress_gpu_f32/samples_360_seed_2
besselj,jax_rigorous,360,7.80474e-09,8.29598e-08,0.00277778,7.65511e-07,33.7931,,360,2,102.639555,1010.871094,/home/phili/projects/arbplusJAX/results/benchmarks/example_hypgeom_robust_stress_gpu_f32/samples_360_seed_2
besselj,scipy,360,3.58981e-13,9.88022e-11,1,,0.25563,,360,2,102.639555,1010.871094,/home/phili/projects/arbplusJAX/results/benchmarks/example_hypgeom_robust_stress_gpu_f32/samples_360_seed_2
besselj,jax_point,360,1.27576e-08,8.60609e-08,0.997222,,11.5567,,360,2,102.639555,1010.871094,/home/phili/projects/arbplusJAX/results/benchmarks/example_hypgeom_robust_stress_gpu_f32/samples_360_seed_2
besselj,mpmath,360,3.5902e-13,9.8802e-11,1,,102.988,,360,2,102.639555,1010.871094,/home/phili/projects/arbplusJAX/results/benchmarks/example_hypgeom_robust_stress_gpu_f32/samples_360_seed_2
besselk,c_arb,360,,,,0.209363,2.58045,,360,2,102.639555,1010.871094,/home/phili/projects/arbplusJAX/results/benchmarks/example_hypgeom_robust_stress_gpu_f32/samples_360_seed_2
besselk,jax_basic,360,0.00136178,0.254087,1,5.74721e-12,9.30648,,360,2,102.639555,1010.871094,/home/phili/projects/arbplusJAX/results/benchmarks/example_hypgeom_robust_stress_gpu_f32/samples_360_seed_2
besselk,jax_adaptive,360,0.00136178,0.254087,0.25,0.208439,33.5537,,360,2,102.639555,1010.871094,/home/phili/projects/arbplusJAX/results/benchmarks/example_hypgeom_robust_stress_gpu_f32/samples_360_seed_2
besselk,jax_rigorous,360,0.00136146,0.25419,0.25,0.208437,72.4799,,360,2,102.639555,1010.871094,/home/phili/projects/arbplusJAX/results/benchmarks/example_hypgeom_robust_stress_gpu_f32/samples_360_seed_2
besselk,scipy,360,24.6492,3959.38,0.566667,,0.341614,,360,2,102.639555,1010.871094,/home/phili/projects/arbplusJAX/results/benchmarks/example_hypgeom_robust_stress_gpu_f32/samples_360_seed_2
besselk,jax_point,360,0.00167035,0.254087,1,,21.4636,,360,2,102.639555,1010.871094,/home/phili/projects/arbplusJAX/results/benchmarks/example_hypgeom_robust_stress_gpu_f32/samples_360_seed_2
besselk,mpmath,360,24.6492,3959.38,0.566667,,650.629,,360,2,102.639555,1010.871094,/home/phili/projects/arbplusJAX/results/benchmarks/example_hypgeom_robust_stress_gpu_f32/samples_360_seed_2
bessely,c_arb,360,,,,0.113434,3.06191,,360,2,102.639555,1010.871094,/home/phili/projects/arbplusJAX/results/benchmarks/example_hypgeom_robust_stress_gpu_f32/samples_360_seed_2
bessely,jax_basic,360,0.000320711,0.0472826,1,3.32729e-12,22.3395,,360,2,102.639555,1010.871094,/home/phili/projects/arbplusJAX/results/benchmarks/example_hypgeom_robust_stress_gpu_f32/samples_360_seed_2
bessely,jax_adaptive,360,0.000320711,0.0472826,0.277778,0.113801,27.4498,,360,2,102.639555,1010.871094,/home/phili/projects/arbplusJAX/results/benchmarks/example_hypgeom_robust_stress_gpu_f32/samples_360_seed_2
bessely,jax_rigorous,360,0.000321004,0.0472944,0.277778,0.113799,43.9994,,360,2,102.639555,1010.871094,/home/phili/projects/arbplusJAX/results/benchmarks/example_hypgeom_robust_stress_gpu_f32/samples_360_seed_2
bessely,scipy,360,1357.88,477640,0.577778,,0.721253,,360,2,102.639555,1010.871094,/home/phili/projects/arbplusJAX/results/benchmarks/example_hypgeom_robust_stress_gpu_f32/samples_360_seed_2
bessely,jax_point,360,0.000786323,0.11981,1,,24.4359,,360,2,102.639555,1010.871094,/home/phili/projects/arbplusJAX/results/benchmarks/example_hypgeom_robust_stress_gpu_f32/samples_360_seed_2
bessely,mpmath,360,1357.88,477640,0.577778,,276.301,,360,2,102.639555,1010.871094,/home/phili/projects/arbplusJAX/results/benchmarks/example_hypgeom_robust_stress_gpu_f32/samples_360_seed_2
erf,c_arb,360,,,,1.40684e-06,1.16667,,360,2,102.639555,1010.871094,/home/phili/projects/arbplusJAX/results/benchmarks/example_hypgeom_robust_stress_gpu_f32/samples_360_seed_2
erf,jax_basic,360,8.04569e-09,4.66147e-08,0.291667,1.40703e-06,23.1527,,360,2,102.639555,1010.871094,/home/phili/projects/arbplusJAX/results/benchmarks/example_hypgeom_robust_stress_gpu_f32/samples_360_seed_2
erf,jax_adaptive,360,0.18104,0.749233,0.00555556,1.00133e-06,3.49364,,360,2,102.639555,1010.871094,/home/phili/projects/arbplusJAX/results/benchmarks/example_hypgeom_robust_stress_gpu_f32/samples_360_seed_2
erf,jax_rigorous,360,0.18104,0.749233,0.00555556,1.00133e-06,2.36828,,360,2,102.639555,1010.871094,/home/phili/projects/arbplusJAX/results/benchmarks/example_hypgeom_robust_stress_gpu_f32/samples_360_seed_2
erf,scipy,360,0.18104,0.749233,0.0472222,,0.026851,,360,2,102.639555,1010.871094,/home/phili/projects/arbplusJAX/results/benchmarks/example_hypgeom_robust_stress_gpu_f32/samples_360_seed_2
erf,jax_scipy,360,0.18104,0.749233,0.0472222,,2.89479,,360,2,102.639555,1010.871094,/home/phili/projects/arbplusJAX/results/benchmarks/example_hypgeom_robust_stress_gpu_f32/samples_360_seed_2
erf,jax_point,360,1.25989e-08,5.99276e-08,1,,14.8762,,360,2,102.639555,1010.871094,/home/phili/projects/arbplusJAX/results/benchmarks/example_hypgeom_robust_stress_gpu_f32/samples_360_seed_2
erf,mpmath,360,0.18104,0.749233,0.0472222,,16.3885,,360,2,102.639555,1010.871094,/home/phili/projects/arbplusJAX/results/benchmarks/example_hypgeom_robust_stress_gpu_f32/samples_360_seed_2
CubesselK,c_arb,360,,,,0.199834,3.20452,,360,2,102.639555,1010.871094,/home/phili/projects/arbplusJAX/results/benchmarks/example_hypgeom_robust_stress_gpu_f32/samples_360_seed_2
CubesselK,jax_basic,360,0.000716132,0.0732367,1,2.18685e-12,11.8544,,360,2,102.639555,1010.871094,/home/phili/projects/arbplusJAX/results/benchmarks/example_hypgeom_robust_stress_gpu_f32/samples_360_seed_2
CubesselK,jax_adaptive,360,0.000716132,0.0732367,0.305556,0.199328,35.428,,360,2,102.639555,1010.871094,/home/phili/projects/arbplusJAX/results/benchmarks/example_hypgeom_robust_stress_gpu_f32/samples_360_seed_2
CubesselK,jax_rigorous,360,0.000715533,0.073222,0.305556,0.199323,52.7366,,360,2,102.639555,1010.871094,/home/phili/projects/arbplusJAX/results/benchmarks/example_hypgeom_robust_stress_gpu_f32/samples_360_seed_2
CubesselK,scipy,360,85.9108,6874.55,0.597222,,0.411547,,360,2,102.639555,1010.871094,/home/phili/projects/arbplusJAX/results/benchmarks/example_hypgeom_robust_stress_gpu_f32/samples_360_seed_2
CubesselK,jax_point,360,0.000727538,0.0773542,1,,18.8714,,360,2,102.639555,1010.871094,/home/phili/projects/arbplusJAX/results/benchmarks/example_hypgeom_robust_stress_gpu_f32/samples_360_seed_2
CubesselK,mpmath,360,85.9108,6874.55,0.597222,,777.36,,360,2,102.639555,1010.871094,/home/phili/projects/arbplusJAX/results/benchmarks/example_hypgeom_robust_stress_gpu_f32/samples_360_seed_2
